Data Source,Category,Content
https://abpdu.lbl.gov/,Designed. Developed. Scaled.,"The Advanced BioProcess Development Unit (ABPDU), part of Lawrence Berkeley National Laboratory, was established by the United States Department of Energy to help ramp up the bioeconomy."
https://abpdu.lbl.gov/,Designed. Developed. Scaled.,"We enable early stage advanced biofuels, biomaterials, and biochemicals product and process technologies to successfully scale from the lab to commercial relevance."
https://abpdu.lbl.gov/,Designed. Developed. Scaled.,"With experienced know-how, rigorous process optimization, and relentless monitoring of yield versus cost, we partner with you to lower your capex, opex, and risk."
https://abpdu.lbl.gov/,diversity of bioproducts and bioprocesses,"Whatever your novel or drop-in advanced bioproduct molecule is, we are ready. We have the infrastructure and the expertise to optimize, scale-up, and demonstrate your bioproduct processes. Learn More ."
https://abpdu.lbl.gov/,process development and optimization,"Mitigating your risk during scale up and accelerating technology readiness levels is top of mind for us. With our flexible, customizable equipment and experienced team we’re able to quickly prototype and adjust your bio-processes. Learn More ."
https://abpdu.lbl.gov/,Feedstock Flexibility,Next-generation biomass-based inputs present limitless choices and new challenges. We’ll help you navigate the complexity and cost-effectively obtain the best outputs. Learn More .
https://abpdu.lbl.gov/,Scale-up Integration & product prototyping,There are many steps to successfully move advanced bioproducts from the bench or lab to commercial scale deployment. We leverage capital project and industry best practices to design robust integrated pilot processes. Learn More .
https://abpdu.lbl.gov/,technical and strategic development services,"We’re completely impartial. When we provide third party validation of the commercial feasibility on your bio-concept, your stakeholders know you’re on the right track. Learn More ."
https://abpdu.lbl.gov/,Funding & Grant Proposals Support,"The right data, access to networks, and an experienced team are a winning combination to help you raise funding and take your bio-innovation to market. Learn More ."
https://abpdu.lbl.gov/,LATEST NEWS,"April 23, 2026"
https://abpdu.lbl.gov/,Securing Supply Chains by Advancing Antheia’s Pharmaceutical Ingredients to Commercial Scale,"February 19, 2026"
